ID Pedido,Lat Retirada,Lon Retirada,Lat Entrega,Lon Entrega,Quantidade,Tipo Mercadoria,Prioridade,Data Pedido,Data Entrega,Estoque Mínimo,Estoque Atual
PED1,-23.424626,-46.721386,-23.406444,-46.615279,64,Medicamentos,Baixa,2025-02-01 21:16:40,2025-02-08 21:16:40,500,800
PED2,-23.58501,-46.746923,-23.59109,-46.753431,39,Alimentos,Média,2025-01-16 12:16:40,2025-01-19 12:16:40,500,800
PED3,-23.689728,-46.415164,-23.559013,-46.426702,26,Alimentos,Baixa,2025-01-24 13:16:40,2025-01-31 13:16:40,500,800
PED4,-23.44683,-46.569949,-23.459658,-46.419628,44,Alimentos,Alta,2025-01-18 13:16:40,2025-01-19 13:16:40,500,800
PED5,-23.503338,-46.644062,-23.522619,-46.776925,24,Alimentos,Média,2025-01-21 07:16:40,2025-01-24 07:16:40,500,800
PED6,-23.552491,-46.547515,-23.508803,-46.714464,27,Roupas,Baixa,2025-01-07 07:16:40,2025-01-14 07:16:40,500,800
PED7,-23.497732,-46.739785,-23.592426,-46.550793,69,Eletrônicos,Média,2025-01-14 15:16:40,2025-01-17 15:16:40,500,800
PED8,-23.42879,-46.621552,-23.67642,-46.405314,90,Medicamentos,Baixa,2025-01-18 11:16:40,2025-01-25 11:16:40,500,800
PED9,-23.463449,-46.511404,-23.691533,-46.677322,8,Eletrônicos,Baixa,2025-02-01 17:16:40,2025-02-08 17:16:40,500,800
PED10,-23.476499,-46.597282,-23.422122,-46.560961,62,Medicamentos,Média,2025-01-20 15:16:40,2025-01-23 15:16:40,500,800
PED11,-23.458157,-46.641535,-23.632368,-46.579103,81,Móveis,Média,2025-01-26 20:16:40,2025-01-29 20:16:40,500,800
PED12,-23.586823,-46.721172,-23.488725,-46.408889,17,Móveis,Alta,2025-01-08 19:16:40,2025-01-09 19:16:40,500,800
PED13,-23.621113,-46.499826,-23.688587,-46.733627,99,Móveis,Baixa,2025-01-10 13:16:40,2025-01-17 13:16:40,500,800
PED14,-23.437618,-46.79647,-23.519597,-46.698702,99,Móveis,Média,2025-01-06 16:16:40,2025-01-09 16:16:40,500,800
PED15,-23.532029,-46.486793,-23.560415,-46.663199,49,Móveis,Baixa,2025-01-22 05:16:40,2025-01-29 05:16:40,500,800
PED16,-23.553381,-46.470629,-23.402339,-46.796387,27,Roupas,Baixa,2025-01-10 23:16:40,2025-01-17 23:16:40,500,800
PED17,-23.609877,-46.443803,-23.643176,-46.436478,14,Móveis,Média,2025-01-07 19:16:40,2025-01-10 19:16:40,500,800
PED18,-23.418182,-46.562784,-23.415744,-46.621381,10,Alimentos,Baixa,2025-02-03 02:16:40,2025-02-10 02:16:40,500,800
PED19,-23.499084,-46.453196,-23.579446,-46.58777,44,Móveis,Baixa,2025-01-20 09:16:40,2025-01-27 09:16:40,500,800
PED20,-23.508834,-46.68394,-23.546826,-46.572962,62,Roupas,Baixa,2025-01-27 05:16:40,2025-02-03 05:16:40,500,800
PED21,-23.609615,-46.41602,-23.627752,-46.573148,6,Medicamentos,Alta,2025-01-05 17:16:40,2025-01-06 17:16:40,500,800
PED22,-23.41434,-46.788426,-23.449047,-46.616581,58,Roupas,Média,2025-01-29 00:16:40,2025-02-01 00:16:40,500,800
PED23,-23.509412,-46.42879,-23.583541,-46.47776,17,Medicamentos,Alta,2025-01-27 16:16:40,2025-01-28 16:16:40,500,800
PED24,-23.669313,-46.401351,-23.406811,-46.69602,14,Eletrônicos,Média,2025-01-07 17:16:40,2025-01-10 17:16:40,500,800
PED25,-23.623545,-46.418649,-23.560503,-46.687423,26,Medicamentos,Baixa,2025-01-15 23:16:40,2025-01-22 23:16:40,500,800
PED26,-23.563561,-46.64523,-23.634611,-46.76001,83,Roupas,Baixa,2025-01-07 00:16:40,2025-01-14 00:16:40,500,800
PED27,-23.509647,-46.51217,-23.519045,-46.599617,10,Eletrônicos,Média,2025-01-25 06:16:40,2025-01-28 06:16:40,500,800
PED28,-23.434911,-46.534769,-23.611179,-46.740673,5,Roupas,Média,2025-01-10 21:16:40,2025-01-13 21:16:40,500,800
PED29,-23.691163,-46.74559,-23.599066,-46.460361,74,Alimentos,Alta,2025-01-08 07:16:40,2025-01-09 07:16:40,500,800
PED30,-23.471544,-46.501267,-23.55878,-46.469502,61,Roupas,Alta,2025-01-31 15:16:40,2025-02-01 15:16:40,500,800
PED31,-23.653584,-46.462715,-23.654453,-46.565184,18,Medicamentos,Média,2025-01-20 01:16:40,2025-01-23 01:16:40,500,800
PED32,-23.677105,-46.642503,-23.458572,-46.515847,87,Medicamentos,Média,2025-01-29 02:16:40,2025-02-01 02:16:40,500,800
PED33,-23.680425,-46.691085,-23.6294,-46.631317,31,Alimentos,Alta,2025-02-02 10:16:40,2025-02-03 10:16:40,500,800
PED34,-23.438086,-46.456392,-23.479782,-46.423137,19,Eletrônicos,Alta,2025-01-07 20:16:40,2025-01-08 20:16:40,500,800
PED35,-23.40869,-46.638693,-23.585618,-46.450149,48,Alimentos,Média,2025-01-23 12:16:40,2025-01-26 12:16:40,500,800
PED36,-23.665372,-46.606943,-23.408202,-46.421092,36,Medicamentos,Média,2025-01-05 02:16:40,2025-01-08 02:16:40,500,800
PED37,-23.586386,-46.405311,-23.419136,-46.615064,92,Eletrônicos,Alta,2025-01-23 23:16:40,2025-01-24 23:16:40,500,800
PED38,-23.592466,-46.75257,-23.586512,-46.686616,68,Móveis,Média,2025-01-06 17:16:40,2025-01-09 17:16:40,500,800
PED39,-23.689984,-46.566265,-23.525481,-46.750874,58,Alimentos,Alta,2025-01-29 11:16:40,2025-01-30 11:16:40,500,800
PED40,-23.573841,-46.566145,-23.558385,-46.569364,34,Móveis,Alta,2025-01-30 20:16:40,2025-01-31 20:16:40,500,800
PED41,-23.527957,-46.775285,-23.677254,-46.430545,48,Roupas,Baixa,2025-01-08 02:16:40,2025-01-15 02:16:40,500,800
PED42,-23.408772,-46.479762,-23.589739,-46.404755,59,Eletrônicos,Baixa,2025-01-09 18:16:40,2025-01-16 18:16:40,500,800
PED43,-23.676209,-46.576923,-23.541149,-46.54113,43,Móveis,Baixa,2025-01-16 16:16:40,2025-01-23 16:16:40,500,800
PED44,-23.636766,-46.594675,-23.470188,-46.67342,77,Alimentos,Média,2025-01-29 16:16:40,2025-02-01 16:16:40,500,800
PED45,-23.690521,-46.716837,-23.55705,-46.533125,49,Alimentos,Alta,2025-01-23 05:16:40,2025-01-24 05:16:40,500,800
PED46,-23.642954,-46.556165,-23.570781,-46.769092,30,Medicamentos,Alta,2025-01-06 03:16:40,2025-01-07 03:16:40,500,800
PED47,-23.607037,-46.421453,-23.566508,-46.532682,57,Eletrônicos,Média,2025-01-28 17:16:40,2025-01-31 17:16:40,500,800
PED48,-23.432957,-46.693114,-23.472085,-46.745672,68,Eletrônicos,Baixa,2025-01-30 23:16:40,2025-02-06 23:16:40,500,800
PED49,-23.482919,-46.522759,-23.597265,-46.641232,38,Eletrônicos,Baixa,2025-01-21 14:16:40,2025-01-28 14:16:40,500,800
PED50,-23.487766,-46.70471,-23.426075,-46.531746,62,Alimentos,Média,2025-01-30 21:16:40,2025-02-02 21:16:40,500,800
PED51,-23.485604,-46.453374,-23.556011,-46.465618,99,Eletrônicos,Alta,2025-01-14 06:16:40,2025-01-15 06:16:40,500,800
PED52,-23.524364,-46.699019,-23.454825,-46.687503,17,Eletrônicos,Alta,2025-01-21 13:16:40,2025-01-22 13:16:40,500,800
PED53,-23.438763,-46.64983,-23.494559,-46.455061,39,Eletrônicos,Baixa,2025-01-27 10:16:40,2025-02-03 10:16:40,500,800
PED54,-23.558063,-46.561876,-23.585305,-46.670771,97,Alimentos,Alta,2025-01-06 09:16:40,2025-01-07 09:16:40,500,800
PED55,-23.626964,-46.447254,-23.566912,-46.556431,1,Roupas,Baixa,2025-01-17 10:16:40,2025-01-24 10:16:40,500,800
PED56,-23.485139,-46.432365,-23.517892,-46.793299,73,Medicamentos,Alta,2025-01-28 10:16:40,2025-01-29 10:16:40,500,800
PED57,-23.509831,-46.466556,-23.438553,-46.735874,82,Móveis,Alta,2025-01-18 17:16:40,2025-01-19 17:16:40,500,800
PED58,-23.410835,-46.563744,-23.523957,-46.662526,15,Alimentos,Média,2025-01-27 00:16:40,2025-01-30 00:16:40,500,800
PED59,-23.46871,-46.657001,-23.659615,-46.670657,87,Medicamentos,Baixa,2025-01-15 11:16:40,2025-01-22 11:16:40,500,800
PED60,-23.679456,-46.788535,-23.691125,-46.550792,55,Alimentos,Alta,2025-02-03 06:16:40,2025-02-04 06:16:40,500,800
PED61,-23.643361,-46.778642,-23.489758,-46.597701,7,Roupas,Média,2025-01-24 01:16:40,2025-01-27 01:16:40,500,800
PED62,-23.437505,-46.737398,-23.546454,-46.787926,47,Móveis,Média,2025-01-15 00:16:40,2025-01-18 00:16:40,500,800
PED63,-23.437225,-46.569698,-23.59253,-46.450815,44,Eletrônicos,Baixa,2025-01-09 18:16:40,2025-01-16 18:16:40,500,800
PED64,-23.493779,-46.475648,-23.625534,-46.483491,61,Móveis,Média,2025-01-22 21:16:40,2025-01-25 21:16:40,500,800
PED65,-23.539447,-46.620878,-23.433459,-46.517505,28,Roupas,Baixa,2025-01-20 11:16:40,2025-01-27 11:16:40,500,800
PED66,-23.634336,-46.475993,-23.567936,-46.443307,13,Medicamentos,Média,2025-01-06 00:16:40,2025-01-09 00:16:40,500,800
PED67,-23.520936,-46.522019,-23.64196,-46.689767,83,Alimentos,Baixa,2025-01-25 04:16:40,2025-02-01 04:16:40,500,800
PED68,-23.678569,-46.400957,-23.619589,-46.497569,89,Eletrônicos,Média,2025-01-04 18:16:40,2025-01-07 18:16:40,500,800
PED69,-23.570636,-46.772283,-23.403742,-46.752808,15,Roupas,Média,2025-01-29 12:16:40,2025-02-01 12:16:40,500,800
PED70,-23.585658,-46.5212,-23.633136,-46.596104,46,Medicamentos,Média,2025-01-24 03:16:40,2025-01-27 03:16:40,500,800
PED71,-23.638756,-46.564336,-23.463535,-46.755366,16,Medicamentos,Baixa,2025-01-10 02:16:40,2025-01-17 02:16:40,500,800
PED72,-23.41581,-46.6396,-23.661773,-46.715079,34,Medicamentos,Média,2025-01-12 13:16:40,2025-01-15 13:16:40,500,800
PED73,-23.415501,-46.73741,-23.62133,-46.755884,23,Eletrônicos,Baixa,2025-01-30 09:16:40,2025-02-06 09:16:40,500,800
PED74,-23.521738,-46.696194,-23.690795,-46.679225,3,Medicamentos,Baixa,2025-01-19 22:16:40,2025-01-26 22:16:40,500,800
PED75,-23.482758,-46.517414,-23.509804,-46.515712,16,Eletrônicos,Média,2025-01-09 03:16:40,2025-01-12 03:16:40,500,800
PED76,-23.678597,-46.415108,-23.483598,-46.794627,60,Medicamentos,Alta,2025-01-25 05:16:40,2025-01-26 05:16:40,500,800
PED77,-23.668605,-46.470828,-23.620364,-46.549491,56,Roupas,Média,2025-01-31 15:16:40,2025-02-03 15:16:40,500,800
PED78,-23.441682,-46.505174,-23.507668,-46.614669,7,Móveis,Baixa,2025-01-09 18:16:40,2025-01-16 18:16:40,500,800
PED79,-23.519298,-46.615888,-23.681484,-46.642593,55,Roupas,Alta,2025-01-23 21:16:40,2025-01-24 21:16:40,500,800
PED80,-23.680421,-46.689868,-23.662539,-46.479239,49,Medicamentos,Baixa,2025-02-02 14:16:40,2025-02-09 14:16:40,500,800
PED81,-23.534249,-46.792133,-23.41903,-46.537609,20,Móveis,Alta,2025-01-30 07:16:40,2025-01-31 07:16:40,500,800
PED82,-23.455435,-46.708777,-23.577939,-46.414985,38,Móveis,Alta,2025-02-02 11:16:40,2025-02-03 11:16:40,500,800
PED83,-23.552057,-46.78391,-23.628793,-46.639136,57,Móveis,Alta,2025-01-06 20:16:40,2025-01-07 20:16:40,500,800
PED84,-23.530661,-46.539321,-23.620903,-46.436445,59,Móveis,Alta,2025-01-26 06:16:40,2025-01-27 06:16:40,500,800
PED85,-23.693255,-46.797417,-23.696141,-46.596752,33,Roupas,Baixa,2025-01-18 18:16:40,2025-01-25 18:16:40,500,800
PED86,-23.641697,-46.627007,-23.46817,-46.536218,86,Móveis,Média,2025-01-11 06:16:40,2025-01-14 06:16:40,500,800
PED87,-23.600234,-46.428159,-23.610498,-46.648941,67,Medicamentos,Média,2025-01-15 15:16:40,2025-01-18 15:16:40,500,800
PED88,-23.508889,-46.565217,-23.486067,-46.513763,64,Móveis,Baixa,2025-01-24 07:16:40,2025-01-31 07:16:40,500,800
PED89,-23.697704,-46.764574,-23.493471,-46.408532,82,Eletrônicos,Baixa,2025-01-08 09:16:40,2025-01-15 09:16:40,500,800
PED90,-23.422541,-46.549382,-23.674024,-46.49211,72,Eletrônicos,Alta,2025-01-30 18:16:40,2025-01-31 18:16:40,500,800
PED91,-23.56758,-46.652648,-23.527647,-46.662714,54,Eletrônicos,Alta,2025-01-25 18:16:40,2025-01-26 18:16:40,500,800
PED92,-23.699013,-46.552178,-23.557976,-46.716186,87,Móveis,Média,2025-01-06 04:16:40,2025-01-09 04:16:40,500,800
PED93,-23.659747,-46.401625,-23.521915,-46.66054,99,Medicamentos,Alta,2025-01-08 14:16:40,2025-01-09 14:16:40,500,800
PED94,-23.689889,-46.485093,-23.679796,-46.679477,46,Alimentos,Alta,2025-02-03 12:16:40,2025-02-04 12:16:40,500,800
PED95,-23.562954,-46.62535,-23.506458,-46.643754,19,Eletrônicos,Alta,2025-01-06 16:16:40,2025-01-07 16:16:40,500,800
PED96,-23.572313,-46.438284,-23.638293,-46.614242,7,Eletrônicos,Média,2025-01-09 05:16:40,2025-01-12 05:16:40,500,800
PED97,-23.41578,-46.552288,-23.470286,-46.776652,23,Medicamentos,Alta,2025-01-31 11:16:40,2025-02-01 11:16:40,500,800
PED98,-23.55894,-46.49842,-23.430381,-46.720134,65,Roupas,Alta,2025-01-23 02:16:40,2025-01-24 02:16:40,500,800
PED99,-23.430015,-46.52309,-23.47942,-46.576895,53,Roupas,Alta,2025-01-13 21:16:40,2025-01-14 21:16:40,500,800
PED100,-23.651057,-46.78779,-23.617243,-46.477663,5,Medicamentos,Baixa,2025-01-30 15:16:40,2025-02-06 15:16:40,500,800
PED101,-23.626444,-46.662329,-23.662661,-46.662303,84,Eletrônicos,Alta,2025-01-14 10:16:40,2025-01-15 10:16:40,500,800
PED102,-23.550174,-46.48619,-23.595675,-46.415086,52,Medicamentos,Baixa,2025-01-10 18:16:40,2025-01-17 18:16:40,500,800
PED103,-23.607907,-46.773246,-23.437377,-46.548217,39,Roupas,Média,2025-01-26 18:16:40,2025-01-29 18:16:40,500,800
PED104,-23.63157,-46.710402,-23.658295,-46.40409,37,Alimentos,Baixa,2025-01-23 12:16:40,2025-01-30 12:16:40,500,800
PED105,-23.417794,-46.411093,-23.559538,-46.666864,3,Eletrônicos,Média,2025-01-09 08:16:40,2025-01-12 08:16:40,500,800
PED106,-23.647566,-46.488336,-23.444047,-46.629509,28,Roupas,Alta,2025-01-09 07:16:40,2025-01-10 07:16:40,500,800
PED107,-23.41814,-46.65068,-23.567226,-46.695822,6,Medicamentos,Média,2025-01-19 10:16:40,2025-01-22 10:16:40,500,800
PED108,-23.556322,-46.766743,-23.595722,-46.43669,29,Roupas,Baixa,2025-01-30 21:16:40,2025-02-06 21:16:40,500,800
PED109,-23.653081,-46.648276,-23.560681,-46.612256,48,Medicamentos,Baixa,2025-01-25 20:16:40,2025-02-01 20:16:40,500,800
PED110,-23.651717,-46.796328,-23.59682,-46.632102,84,Roupas,Média,2025-01-30 09:16:40,2025-02-02 09:16:40,500,800
PED111,-23.533938,-46.548051,-23.412545,-46.665289,25,Alimentos,Baixa,2025-01-20 19:16:40,2025-01-27 19:16:40,500,800
PED112,-23.512415,-46.656778,-23.599606,-46.718479,74,Alimentos,Alta,2025-01-06 19:16:40,2025-01-07 19:16:40,500,800
PED113,-23.402825,-46.552844,-23.417822,-46.424925,85,Medicamentos,Média,2025-01-24 04:16:40,2025-01-27 04:16:40,500,800
PED114,-23.652136,-46.662014,-23.436531,-46.402912,47,Móveis,Média,2025-01-20 17:16:40,2025-01-23 17:16:40,500,800
PED115,-23.478569,-46.772591,-23.630122,-46.408564,2,Alimentos,Média,2025-01-19 11:16:40,2025-01-22 11:16:40,500,800
PED116,-23.476532,-46.520349,-23.57217,-46.429262,59,Eletrônicos,Alta,2025-01-08 13:16:40,2025-01-09 13:16:40,500,800
PED117,-23.47695,-46.756459,-23.595813,-46.536476,93,Eletrônicos,Alta,2025-01-31 08:16:40,2025-02-01 08:16:40,500,800
PED118,-23.489334,-46.553993,-23.634884,-46.632991,98,Roupas,Média,2025-01-26 08:16:40,2025-01-29 08:16:40,500,800
PED119,-23.409339,-46.648244,-23.427433,-46.538542,37,Roupas,Média,2025-01-15 08:16:40,2025-01-18 08:16:40,500,800
PED120,-23.577088,-46.555504,-23.691417,-46.633443,70,Móveis,Baixa,2025-01-13 19:16:40,2025-01-20 19:16:40,500,800
PED121,-23.694488,-46.528712,-23.696798,-46.41169,9,Roupas,Alta,2025-01-21 18:16:40,2025-01-22 18:16:40,500,800
PED122,-23.69995,-46.457609,-23.556939,-46.571544,67,Medicamentos,Baixa,2025-01-18 23:16:40,2025-01-25 23:16:40,500,800
PED123,-23.432618,-46.72225,-23.593195,-46.528061,10,Medicamentos,Média,2025-01-11 22:16:40,2025-01-14 22:16:40,500,800
PED124,-23.658405,-46.453566,-23.693541,-46.635352,27,Alimentos,Alta,2025-01-28 17:16:40,2025-01-29 17:16:40,500,800
PED125,-23.546625,-46.796582,-23.670327,-46.721313,3,Roupas,Média,2025-01-22 13:16:40,2025-01-25 13:16:40,500,800
PED126,-23.629767,-46.746721,-23.545566,-46.461385,46,Eletrônicos,Média,2025-01-27 18:16:40,2025-01-30 18:16:40,500,800
PED127,-23.596678,-46.655041,-23.412973,-46.681018,60,Medicamentos,Média,2025-02-02 19:16:40,2025-02-05 19:16:40,500,800
PED128,-23.640641,-46.433331,-23.440794,-46.646033,41,Móveis,Alta,2025-01-08 20:16:40,2025-01-09 20:16:40,500,800
PED129,-23.540987,-46.682263,-23.551207,-46.468961,64,Móveis,Alta,2025-01-29 18:16:40,2025-01-30 18:16:40,500,800
PED130,-23.63056,-46.674669,-23.466994,-46.567439,72,Móveis,Alta,2025-01-31 22:16:40,2025-02-01 22:16:40,500,800
PED131,-23.593969,-46.714606,-23.50987,-46.537325,39,Alimentos,Média,2025-01-20 15:16:40,2025-01-23 15:16:40,500,800
PED132,-23.402588,-46.716436,-23.499015,-46.417564,11,Roupas,Baixa,2025-01-26 08:16:40,2025-02-02 08:16:40,500,800
PED133,-23.539835,-46.713176,-23.626133,-46.573991,59,Alimentos,Alta,2025-01-16 22:16:40,2025-01-17 22:16:40,500,800
PED134,-23.455332,-46.550337,-23.50764,-46.608059,71,Móveis,Alta,2025-01-13 13:16:40,2025-01-14 13:16:40,500,800
PED135,-23.507819,-46.751852,-23.557499,-46.568193,44,Eletrônicos,Média,2025-01-19 18:16:40,2025-01-22 18:16:40,500,800
PED136,-23.618279,-46.679328,-23.420036,-46.514861,29,Eletrônicos,Baixa,2025-01-12 00:16:40,2025-01-19 00:16:40,500,800
PED137,-23.45792,-46.575756,-23.606991,-46.555052,50,Alimentos,Média,2025-01-10 07:16:40,2025-01-13 07:16:40,500,800
PED138,-23.533753,-46.409795,-23.542037,-46.434109,68,Medicamentos,Média,2025-01-22 13:16:40,2025-01-25 13:16:40,500,800
PED139,-23.655722,-46.542413,-23.415518,-46.784835,27,Móveis,Alta,2025-01-13 19:16:40,2025-01-14 19:16:40,500,800
PED140,-23.656637,-46.566338,-23.645986,-46.487145,29,Eletrônicos,Média,2025-01-19 21:16:40,2025-01-22 21:16:40,500,800
PED141,-23.643266,-46.525828,-23.64378,-46.510501,20,Medicamentos,Média,2025-01-08 17:16:40,2025-01-11 17:16:40,500,800
PED142,-23.508194,-46.721085,-23.614646,-46.663248,29,Roupas,Alta,2025-01-14 19:16:40,2025-01-15 19:16:40,500,800
PED143,-23.638847,-46.597008,-23.573565,-46.404218,98,Roupas,Alta,2025-01-24 02:16:40,2025-01-25 02:16:40,500,800
PED144,-23.499524,-46.795331,-23.664777,-46.645318,25,Eletrônicos,Alta,2025-02-01 11:16:40,2025-02-02 11:16:40,500,800
PED145,-23.520209,-46.796038,-23.663371,-46.405917,63,Alimentos,Média,2025-01-11 16:16:40,2025-01-14 16:16:40,500,800
PED146,-23.634876,-46.68914,-23.528572,-46.692149,29,Alimentos,Alta,2025-01-30 00:16:40,2025-01-31 00:16:40,500,800
PED147,-23.663279,-46.522452,-23.401784,-46.606684,11,Móveis,Baixa,2025-01-04 18:16:40,2025-01-11 18:16:40,500,800
PED148,-23.679298,-46.740924,-23.482671,-46.63328,14,Eletrônicos,Baixa,2025-01-10 22:16:40,2025-01-17 22:16:40,500,800
PED149,-23.403682,-46.541728,-23.531399,-46.49747,22,Alimentos,Baixa,2025-01-28 12:16:40,2025-02-04 12:16:40,500,800
PED150,-23.510586,-46.561343,-23.581559,-46.480994,84,Móveis,Alta,2025-01-06 19:16:40,2025-01-07 19:16:40,500,800
PED151,-23.676124,-46.653814,-23.660357,-46.586229,72,Roupas,Baixa,2025-01-25 18:16:40,2025-02-01 18:16:40,500,800
PED152,-23.556921,-46.548038,-23.436495,-46.760156,41,Medicamentos,Alta,2025-01-05 12:16:40,2025-01-06 12:16:40,500,800
PED153,-23.61174,-46.459184,-23.415877,-46.710867,95,Roupas,Alta,2025-01-20 13:16:40,2025-01-21 13:16:40,500,800
PED154,-23.608005,-46.675782,-23.637393,-46.541001,90,Eletrônicos,Média,2025-01-20 15:16:40,2025-01-23 15:16:40,500,800
PED155,-23.48312,-46.729666,-23.69451,-46.521119,7,Medicamentos,Média,2025-01-11 16:16:40,2025-01-14 16:16:40,500,800
PED156,-23.482788,-46.418876,-23.45495,-46.538459,31,Eletrônicos,Baixa,2025-01-12 19:16:40,2025-01-19 19:16:40,500,800
PED157,-23.566077,-46.558622,-23.438456,-46.722202,99,Roupas,Baixa,2025-01-16 12:16:40,2025-01-23 12:16:40,500,800
PED158,-23.611665,-46.552811,-23.693136,-46.719027,56,Eletrônicos,Baixa,2025-01-05 17:16:40,2025-01-12 17:16:40,500,800
PED159,-23.623953,-46.586778,-23.560442,-46.777557,18,Eletrônicos,Baixa,2025-01-31 02:16:40,2025-02-07 02:16:40,500,800
PED160,-23.564957,-46.44575,-23.526089,-46.78483,83,Alimentos,Baixa,2025-01-23 05:16:40,2025-01-30 05:16:40,500,800
PED161,-23.443378,-46.570477,-23.609717,-46.641174,47,Roupas,Alta,2025-02-01 23:16:40,2025-02-02 23:16:40,500,800
PED162,-23.631119,-46.688308,-23.414439,-46.783653,12,Móveis,Baixa,2025-01-27 11:16:40,2025-02-03 11:16:40,500,800
PED163,-23.454359,-46.579998,-23.583024,-46.711791,12,Eletrônicos,Baixa,2025-01-17 22:16:40,2025-01-24 22:16:40,500,800
PED164,-23.516648,-46.490705,-23.689564,-46.588001,12,Medicamentos,Baixa,2025-01-17 20:16:40,2025-01-24 20:16:40,500,800
PED165,-23.643181,-46.525627,-23.484697,-46.652999,38,Roupas,Alta,2025-01-10 16:16:40,2025-01-11 16:16:40,500,800
PED166,-23.473664,-46.404559,-23.554126,-46.643325,93,Móveis,Baixa,2025-01-28 00:16:40,2025-02-04 00:16:40,500,800
PED167,-23.462936,-46.570253,-23.48478,-46.540639,100,Eletrônicos,Média,2025-02-01 01:16:40,2025-02-04 01:16:40,500,800
PED168,-23.673688,-46.408888,-23.664231,-46.773965,25,Alimentos,Alta,2025-01-14 08:16:40,2025-01-15 08:16:40,500,800
PED169,-23.463762,-46.510352,-23.493775,-46.761113,87,Medicamentos,Alta,2025-01-08 08:16:40,2025-01-09 08:16:40,500,800
PED170,-23.49112,-46.406842,-23.53828,-46.505642,32,Eletrônicos,Alta,2025-02-02 06:16:40,2025-02-03 06:16:40,500,800
PED171,-23.484127,-46.665399,-23.642096,-46.563937,23,Medicamentos,Baixa,2025-01-31 21:16:40,2025-02-07 21:16:40,500,800
PED172,-23.59848,-46.576146,-23.489743,-46.713033,75,Roupas,Média,2025-01-24 16:16:40,2025-01-27 16:16:40,500,800
PED173,-23.628318,-46.757384,-23.594875,-46.778654,52,Móveis,Alta,2025-01-28 19:16:40,2025-01-29 19:16:40,500,800
PED174,-23.696789,-46.442964,-23.435629,-46.647521,8,Móveis,Alta,2025-01-11 09:16:40,2025-01-12 09:16:40,500,800
PED175,-23.664029,-46.530229,-23.673414,-46.493324,99,Roupas,Baixa,2025-01-10 19:16:40,2025-01-17 19:16:40,500,800
PED176,-23.526226,-46.57689,-23.639761,-46.651912,80,Medicamentos,Alta,2025-01-27 18:16:40,2025-01-28 18:16:40,500,800
PED177,-23.523782,-46.582014,-23.679904,-46.740209,18,Eletrônicos,Média,2025-01-28 09:16:40,2025-01-31 09:16:40,500,800
PED178,-23.629457,-46.53693,-23.543351,-46.675021,26,Móveis,Alta,2025-01-27 21:16:40,2025-01-28 21:16:40,500,800
PED179,-23.401248,-46.493441,-23.456432,-46.667016,52,Alimentos,Baixa,2025-01-14 21:16:40,2025-01-21 21:16:40,500,800
PED180,-23.408141,-46.79975,-23.589921,-46.756314,22,Roupas,Baixa,2025-01-20 08:16:40,2025-01-27 08:16:40,500,800
PED181,-23.622084,-46.656405,-23.683143,-46.40367,81,Medicamentos,Baixa,2025-01-12 18:16:40,2025-01-19 18:16:40,500,800
PED182,-23.454207,-46.752814,-23.61893,-46.440363,86,Roupas,Alta,2025-02-04 14:16:40,2025-02-05 14:16:40,500,800
PED183,-23.541716,-46.643394,-23.558778,-46.605187,49,Eletrônicos,Média,2025-01-19 01:16:40,2025-01-22 01:16:40,500,800
PED184,-23.523256,-46.643847,-23.52993,-46.701683,52,Móveis,Alta,2025-02-03 00:16:40,2025-02-04 00:16:40,500,800
PED185,-23.677591,-46.54799,-23.558708,-46.487964,11,Medicamentos,Alta,2025-01-31 16:16:40,2025-02-01 16:16:40,500,800
PED186,-23.404662,-46.544315,-23.416052,-46.681869,49,Eletrônicos,Baixa,2025-01-12 15:16:40,2025-01-19 15:16:40,500,800
PED187,-23.667222,-46.691335,-23.581656,-46.735636,14,Móveis,Média,2025-01-15 19:16:40,2025-01-18 19:16:40,500,800
PED188,-23.551157,-46.607788,-23.622496,-46.656863,81,Medicamentos,Baixa,2025-01-29 03:16:40,2025-02-05 03:16:40,500,800
PED189,-23.405523,-46.563985,-23.45532,-46.474398,10,Móveis,Baixa,2025-01-26 07:16:40,2025-02-02 07:16:40,500,800
PED190,-23.529895,-46.586084,-23.417256,-46.625098,84,Eletrônicos,Média,2025-01-07 05:16:40,2025-01-10 05:16:40,500,800
PED191,-23.413595,-46.647036,-23.641127,-46.408615,72,Medicamentos,Baixa,2025-01-15 02:16:40,2025-01-22 02:16:40,500,800
PED192,-23.472673,-46.510178,-23.540633,-46.577187,82,Eletrônicos,Alta,2025-01-29 20:16:40,2025-01-30 20:16:40,500,800
PED193,-23.539919,-46.401676,-23.536717,-46.551687,65,Alimentos,Média,2025-02-04 13:16:40,2025-02-07 13:16:40,500,800
PED194,-23.616069,-46.417777,-23.590813,-46.466669,76,Eletrônicos,Baixa,2025-01-19 09:16:40,2025-01-26 09:16:40,500,800
PED195,-23.684365,-46.454046,-23.630949,-46.693674,81,Alimentos,Baixa,2025-01-31 00:16:40,2025-02-07 00:16:40,500,800
PED196,-23.51067,-46.602242,-23.438113,-46.62613,9,Roupas,Alta,2025-01-11 18:16:40,2025-01-12 18:16:40,500,800
PED197,-23.546766,-46.499752,-23.503136,-46.643901,43,Roupas,Baixa,2025-01-20 00:16:40,2025-01-27 00:16:40,500,800
PED198,-23.623904,-46.677811,-23.668986,-46.792376,36,Roupas,Alta,2025-01-25 03:16:40,2025-01-26 03:16:40,500,800
PED199,-23.463408,-46.460892,-23.684954,-46.763184,13,Eletrônicos,Baixa,2025-02-02 16:16:40,2025-02-09 16:16:40,500,800
PED200,-23.591157,-46.602108,-23.471979,-46.732334,40,Medicamentos,Média,2025-01-18 20:16:40,2025-01-21 20:16:40,500,800
PED201,-23.578943,-46.426527,-23.625016,-46.582814,81,Alimentos,Baixa,2025-01-28 15:16:40,2025-02-04 15:16:40,500,800
PED202,-23.425785,-46.441491,-23.586216,-46.622431,64,Roupas,Alta,2025-01-07 16:16:40,2025-01-08 16:16:40,500,800
PED203,-23.427468,-46.681867,-23.584698,-46.508929,22,Roupas,Baixa,2025-01-19 21:16:40,2025-01-26 21:16:40,500,800
PED204,-23.694769,-46.523523,-23.575148,-46.557063,5,Eletrônicos,Média,2025-01-26 12:16:40,2025-01-29 12:16:40,500,800
PED205,-23.545038,-46.583213,-23.564689,-46.796216,39,Eletrônicos,Média,2025-01-19 07:16:40,2025-01-22 07:16:40,500,800
PED206,-23.611743,-46.719114,-23.582146,-46.448847,15,Roupas,Média,2025-01-10 17:16:40,2025-01-13 17:16:40,500,800
PED207,-23.511426,-46.677217,-23.525671,-46.539035,76,Medicamentos,Alta,2025-01-28 02:16:40,2025-01-29 02:16:40,500,800
PED208,-23.40291,-46.677237,-23.698371,-46.510811,99,Roupas,Baixa,2025-01-06 21:16:40,2025-01-13 21:16:40,500,800
PED209,-23.445815,-46.601101,-23.669726,-46.509551,78,Eletrônicos,Baixa,2025-01-12 21:16:40,2025-01-19 21:16:40,500,800
PED210,-23.499279,-46.692436,-23.5843,-46.593361,23,Móveis,Baixa,2025-01-17 02:16:40,2025-01-24 02:16:40,500,800
PED211,-23.475036,-46.470381,-23.594537,-46.665327,61,Medicamentos,Baixa,2025-01-10 07:16:40,2025-01-17 07:16:40,500,800
PED212,-23.591611,-46.480793,-23.508334,-46.587679,13,Móveis,Alta,2025-01-24 02:16:40,2025-01-25 02:16:40,500,800
PED213,-23.554307,-46.682786,-23.470531,-46.783677,47,Roupas,Média,2025-01-14 14:16:40,2025-01-17 14:16:40,500,800
PED214,-23.589555,-46.773755,-23.645324,-46.448144,75,Móveis,Alta,2025-01-19 21:16:40,2025-01-20 21:16:40,500,800
PED215,-23.607486,-46.615811,-23.602577,-46.691542,42,Móveis,Alta,2025-01-19 03:16:40,2025-01-20 03:16:40,500,800
PED216,-23.449026,-46.453285,-23.684939,-46.579623,32,Móveis,Média,2025-01-13 11:16:40,2025-01-16 11:16:40,500,800
PED217,-23.505917,-46.684986,-23.60468,-46.594151,98,Roupas,Média,2025-01-18 01:16:40,2025-01-21 01:16:40,500,800
PED218,-23.582042,-46.605972,-23.645122,-46.469358,40,Roupas,Alta,2025-02-03 10:16:40,2025-02-04 10:16:40,500,800
PED219,-23.414664,-46.47029,-23.470623,-46.555917,42,Alimentos,Alta,2025-01-22 13:16:40,2025-01-23 13:16:40,500,800
PED220,-23.479895,-46.719436,-23.53127,-46.654918,9,Medicamentos,Média,2025-01-21 16:16:40,2025-01-24 16:16:40,500,800
PED221,-23.467987,-46.76546,-23.662771,-46.568155,9,Alimentos,Média,2025-01-19 07:16:40,2025-01-22 07:16:40,500,800
PED222,-23.432323,-46.433308,-23.592516,-46.478618,25,Medicamentos,Alta,2025-01-25 10:16:40,2025-01-26 10:16:40,500,800
PED223,-23.537269,-46.483122,-23.468947,-46.44477,23,Medicamentos,Alta,2025-01-17 15:16:40,2025-01-18 15:16:40,500,800
PED224,-23.444453,-46.550315,-23.568684,-46.77189,89,Roupas,Média,2025-01-14 22:16:40,2025-01-17 22:16:40,500,800
PED225,-23.628259,-46.771568,-23.674913,-46.607317,54,Medicamentos,Média,2025-01-25 14:16:40,2025-01-28 14:16:40,500,800
PED226,-23.447141,-46.672854,-23.58161,-46.754208,33,Móveis,Alta,2025-02-01 04:16:40,2025-02-02 04:16:40,500,800
PED227,-23.672281,-46.736887,-23.537541,-46.784392,5,Móveis,Alta,2025-01-05 01:16:40,2025-01-06 01:16:40,500,800
PED228,-23.539947,-46.592919,-23.61666,-46.683941,49,Alimentos,Baixa,2025-01-26 23:16:40,2025-02-02 23:16:40,500,800
PED229,-23.444994,-46.574528,-23.411682,-46.681648,37,Eletrônicos,Alta,2025-01-04 20:16:40,2025-01-05 20:16:40,500,800
PED230,-23.697802,-46.539984,-23.466671,-46.57545,90,Eletrônicos,Média,2025-01-08 23:16:40,2025-01-11 23:16:40,500,800
PED231,-23.670046,-46.678174,-23.504223,-46.427481,91,Eletrônicos,Alta,2025-01-25 00:16:40,2025-01-26 00:16:40,500,800
PED232,-23.682445,-46.66467,-23.584157,-46.602547,53,Medicamentos,Alta,2025-01-18 18:16:40,2025-01-19 18:16:40,500,800
PED233,-23.417907,-46.446964,-23.529686,-46.706723,27,Eletrônicos,Alta,2025-01-06 10:16:40,2025-01-07 10:16:40,500,800
PED234,-23.471616,-46.614273,-23.40911,-46.624272,26,Móveis,Média,2025-01-21 18:16:40,2025-01-24 18:16:40,500,800
PED235,-23.490366,-46.43721,-23.586426,-46.660453,93,Móveis,Média,2025-01-24 06:16:40,2025-01-27 06:16:40,500,800
PED236,-23.549458,-46.41851,-23.545816,-46.681086,36,Medicamentos,Média,2025-01-28 21:16:40,2025-01-31 21:16:40,500,800
PED237,-23.41517,-46.712873,-23.651672,-46.569133,22,Eletrônicos,Alta,2025-01-17 01:16:40,2025-01-18 01:16:40,500,800
PED238,-23.629357,-46.597979,-23.429244,-46.68955,8,Móveis,Baixa,2025-01-14 06:16:40,2025-01-21 06:16:40,500,800
PED239,-23.428155,-46.442288,-23.651991,-46.761335,34,Roupas,Baixa,2025-01-31 01:16:40,2025-02-07 01:16:40,500,800
PED240,-23.623594,-46.402069,-23.634046,-46.702227,65,Móveis,Média,2025-01-17 07:16:40,2025-01-20 07:16:40,500,800
PED241,-23.481491,-46.407417,-23.471259,-46.7245,55,Alimentos,Alta,2025-01-09 23:16:40,2025-01-10 23:16:40,500,800
PED242,-23.512214,-46.762313,-23.59972,-46.640361,20,Medicamentos,Baixa,2025-01-15 02:16:40,2025-01-22 02:16:40,500,800
PED243,-23.588856,-46.4298,-23.532057,-46.569324,84,Medicamentos,Baixa,2025-02-01 02:16:40,2025-02-08 02:16:40,500,800
PED244,-23.409173,-46.565285,-23.5506,-46.793299,63,Alimentos,Média,2025-01-19 15:16:40,2025-01-22 15:16:40,500,800
PED245,-23.531911,-46.730298,-23.551895,-46.456602,71,Móveis,Baixa,2025-01-30 01:16:40,2025-02-06 01:16:40,500,800
PED246,-23.471879,-46.583756,-23.479804,-46.504281,89,Móveis,Média,2025-02-04 14:16:40,2025-02-07 14:16:40,500,800
PED247,-23.595136,-46.669428,-23.659786,-46.632093,78,Medicamentos,Baixa,2025-01-27 03:16:40,2025-02-03 03:16:40,500,800
PED248,-23.552438,-46.755489,-23.638875,-46.636024,3,Eletrônicos,Média,2025-01-21 16:16:40,2025-01-24 16:16:40,500,800
PED249,-23.503168,-46.692589,-23.558559,-46.56971,39,Roupas,Baixa,2025-01-13 23:16:40,2025-01-20 23:16:40,500,800
PED250,-23.667047,-46.466331,-23.584666,-46.705022,79,Roupas,Baixa,2025-01-09 17:16:40,2025-01-16 17:16:40,500,800
PED251,-23.465737,-46.490692,-23.565084,-46.720863,50,Medicamentos,Alta,2025-01-15 09:16:40,2025-01-16 09:16:40,500,800
PED252,-23.636141,-46.791262,-23.466947,-46.726667,60,Medicamentos,Baixa,2025-02-02 10:16:40,2025-02-09 10:16:40,500,800
PED253,-23.618242,-46.499005,-23.675456,-46.563862,40,Móveis,Baixa,2025-01-31 00:16:40,2025-02-07 00:16:40,500,800
PED254,-23.433905,-46.427519,-23.454331,-46.677623,15,Medicamentos,Baixa,2025-01-30 23:16:40,2025-02-06 23:16:40,500,800
PED255,-23.435584,-46.401185,-23.482419,-46.779819,46,Móveis,Alta,2025-01-12 13:16:40,2025-01-13 13:16:40,500,800
PED256,-23.411747,-46.663391,-23.580987,-46.747912,86,Medicamentos,Baixa,2025-01-30 05:16:40,2025-02-06 05:16:40,500,800
PED257,-23.529848,-46.678972,-23.556828,-46.404401,20,Eletrônicos,Média,2025-01-31 07:16:40,2025-02-03 07:16:40,500,800
PED258,-23.691926,-46.46219,-23.676255,-46.591971,46,Roupas,Baixa,2025-01-09 02:16:40,2025-01-16 02:16:40,500,800
PED259,-23.426556,-46.751999,-23.475835,-46.454279,36,Eletrônicos,Média,2025-01-31 18:16:40,2025-02-03 18:16:40,500,800
PED260,-23.628057,-46.698436,-23.659833,-46.441491,77,Eletrônicos,Baixa,2025-01-16 21:16:40,2025-01-23 21:16:40,500,800
PED261,-23.556867,-46.541313,-23.481915,-46.66833,70,Roupas,Alta,2025-01-25 20:16:40,2025-01-26 20:16:40,500,800
PED262,-23.586313,-46.445912,-23.677714,-46.674041,5,Eletrônicos,Média,2025-01-24 05:16:40,2025-01-27 05:16:40,500,800
PED263,-23.622393,-46.719854,-23.681017,-46.726451,79,Medicamentos,Alta,2025-01-18 07:16:40,2025-01-19 07:16:40,500,800
PED264,-23.59949,-46.627778,-23.678511,-46.746974,63,Roupas,Média,2025-02-02 02:16:40,2025-02-05 02:16:40,500,800
PED265,-23.543008,-46.785012,-23.496943,-46.51728,65,Medicamentos,Baixa,2025-01-26 17:16:40,2025-02-02 17:16:40,500,800
PED266,-23.4846,-46.405055,-23.672694,-46.706821,18,Móveis,Baixa,2025-01-14 09:16:40,2025-01-21 09:16:40,500,800
PED267,-23.684357,-46.440721,-23.59218,-46.735378,28,Eletrônicos,Média,2025-01-10 01:16:40,2025-01-13 01:16:40,500,800
PED268,-23.407715,-46.587025,-23.424807,-46.705339,31,Alimentos,Média,2025-01-24 22:16:40,2025-01-27 22:16:40,500,800
PED269,-23.56043,-46.605307,-23.597569,-46.77981,98,Alimentos,Média,2025-01-17 18:16:40,2025-01-20 18:16:40,500,800
PED270,-23.414271,-46.535952,-23.521097,-46.627468,54,Móveis,Alta,2025-01-10 20:16:40,2025-01-11 20:16:40,500,800
PED271,-23.401184,-46.448341,-23.421391,-46.786594,76,Roupas,Média,2025-01-27 12:16:40,2025-01-30 12:16:40,500,800
PED272,-23.502683,-46.559653,-23.692522,-46.457337,82,Móveis,Média,2025-01-24 13:16:40,2025-01-27 13:16:40,500,800
PED273,-23.448612,-46.456856,-23.690331,-46.732999,66,Medicamentos,Média,2025-01-11 09:16:40,2025-01-14 09:16:40,500,800
PED274,-23.472037,-46.693921,-23.459946,-46.472214,15,Móveis,Média,2025-02-03 21:16:40,2025-02-06 21:16:40,500,800
PED275,-23.643772,-46.585278,-23.524562,-46.463142,44,Móveis,Alta,2025-02-04 06:16:40,2025-02-05 06:16:40,500,800
PED276,-23.400757,-46.791824,-23.646263,-46.696117,40,Móveis,Média,2025-01-21 07:16:40,2025-01-24 07:16:40,500,800
PED277,-23.534511,-46.520658,-23.443279,-46.701631,48,Roupas,Média,2025-02-03 22:16:40,2025-02-06 22:16:40,500,800
PED278,-23.519488,-46.630091,-23.637033,-46.514275,72,Eletrônicos,Baixa,2025-01-31 05:16:40,2025-02-07 05:16:40,500,800
PED279,-23.448459,-46.524418,-23.469468,-46.410854,44,Roupas,Baixa,2025-01-11 18:16:40,2025-01-18 18:16:40,500,800
PED280,-23.487346,-46.679401,-23.487849,-46.484098,10,Eletrônicos,Baixa,2025-01-09 18:16:40,2025-01-16 18:16:40,500,800
PED281,-23.499294,-46.636457,-23.682689,-46.597759,3,Alimentos,Alta,2025-01-13 23:16:40,2025-01-14 23:16:40,500,800
PED282,-23.413075,-46.598553,-23.441656,-46.73918,73,Eletrônicos,Alta,2025-01-23 21:16:40,2025-01-24 21:16:40,500,800
PED283,-23.671351,-46.480494,-23.407363,-46.637079,30,Eletrônicos,Alta,2025-01-20 07:16:40,2025-01-21 07:16:40,500,800
PED284,-23.625071,-46.513267,-23.557884,-46.706156,47,Móveis,Baixa,2025-01-07 22:16:40,2025-01-14 22:16:40,500,800
PED285,-23.420816,-46.54408,-23.479179,-46.50738,84,Medicamentos,Alta,2025-01-22 06:16:40,2025-01-23 06:16:40,500,800
PED286,-23.546428,-46.745285,-23.559643,-46.70801,11,Roupas,Alta,2025-01-14 04:16:40,2025-01-15 04:16:40,500,800
PED287,-23.478791,-46.53161,-23.547036,-46.613959,34,Móveis,Alta,2025-01-10 15:16:40,2025-01-11 15:16:40,500,800
PED288,-23.648846,-46.591628,-23.547569,-46.618844,93,Móveis,Baixa,2025-01-20 14:16:40,2025-01-27 14:16:40,500,800
PED289,-23.61602,-46.789102,-23.473139,-46.6646,12,Alimentos,Baixa,2025-02-03 05:16:40,2025-02-10 05:16:40,500,800
PED290,-23.696934,-46.753163,-23.640145,-46.48968,74,Móveis,Alta,2025-01-20 17:16:40,2025-01-21 17:16:40,500,800
PED291,-23.5876,-46.758791,-23.595934,-46.512671,96,Roupas,Baixa,2025-01-16 04:16:40,2025-01-23 04:16:40,500,800
PED292,-23.413037,-46.424447,-23.514046,-46.774332,41,Roupas,Média,2025-01-23 02:16:40,2025-01-26 02:16:40,500,800
PED293,-23.622353,-46.708635,-23.504293,-46.703765,43,Medicamentos,Baixa,2025-01-21 12:16:40,2025-01-28 12:16:40,500,800
PED294,-23.623225,-46.409903,-23.611941,-46.430074,83,Alimentos,Baixa,2025-01-12 06:16:40,2025-01-19 06:16:40,500,800
PED295,-23.621817,-46.685843,-23.520093,-46.629078,23,Medicamentos,Média,2025-01-11 11:16:40,2025-01-14 11:16:40,500,800
PED296,-23.61542,-46.572566,-23.453567,-46.529501,27,Eletrônicos,Alta,2025-01-07 10:16:40,2025-01-08 10:16:40,500,800
PED297,-23.575396,-46.522021,-23.596675,-46.492399,52,Alimentos,Média,2025-02-02 21:16:40,2025-02-05 21:16:40,500,800
PED298,-23.492387,-46.741915,-23.460675,-46.763861,56,Roupas,Média,2025-01-21 09:16:40,2025-01-24 09:16:40,500,800
PED299,-23.515421,-46.436183,-23.528398,-46.733066,4,Roupas,Baixa,2025-01-28 00:16:40,2025-02-04 00:16:40,500,800
PED300,-23.525102,-46.566833,-23.524833,-46.48428,16,Alimentos,Baixa,2025-01-26 23:16:40,2025-02-02 23:16:40,500,800
PED301,-23.506991,-46.471677,-23.666601,-46.644189,81,Eletrônicos,Alta,2025-01-09 12:16:40,2025-01-10 12:16:40,500,800
PED302,-23.577284,-46.441544,-23.475352,-46.74036,44,Medicamentos,Alta,2025-02-01 22:16:40,2025-02-02 22:16:40,500,800
PED303,-23.564723,-46.459241,-23.52357,-46.566212,55,Eletrônicos,Alta,2025-01-27 01:16:40,2025-01-28 01:16:40,500,800
PED304,-23.578276,-46.71266,-23.539882,-46.540743,40,Eletrônicos,Alta,2025-01-11 03:16:40,2025-01-12 03:16:40,500,800
PED305,-23.456397,-46.71379,-23.436955,-46.604753,88,Alimentos,Média,2025-01-10 21:16:40,2025-01-13 21:16:40,500,800
PED306,-23.679623,-46.503745,-23.574799,-46.732186,48,Eletrônicos,Alta,2025-01-29 03:16:40,2025-01-30 03:16:40,500,800
PED307,-23.603723,-46.586095,-23.441597,-46.473501,14,Roupas,Baixa,2025-01-11 08:16:40,2025-01-18 08:16:40,500,800
PED308,-23.5738,-46.72697,-23.605359,-46.701675,76,Eletrônicos,Baixa,2025-01-23 14:16:40,2025-01-30 14:16:40,500,800
PED309,-23.550512,-46.715453,-23.604382,-46.623867,21,Roupas,Alta,2025-01-10 21:16:40,2025-01-11 21:16:40,500,800
PED310,-23.466798,-46.790364,-23.424102,-46.479731,1,Móveis,Média,2025-01-29 17:16:40,2025-02-01 17:16:40,500,800
PED311,-23.427789,-46.729599,-23.445522,-46.64048,55,Móveis,Alta,2025-01-13 13:16:40,2025-01-14 13:16:40,500,800
PED312,-23.409174,-46.507676,-23.560012,-46.606156,33,Roupas,Média,2025-01-12 09:16:40,2025-01-15 09:16:40,500,800
PED313,-23.412466,-46.424209,-23.607312,-46.749122,68,Medicamentos,Alta,2025-01-16 20:16:40,2025-01-17 20:16:40,500,800
PED314,-23.491656,-46.455431,-23.661209,-46.51607,49,Eletrônicos,Alta,2025-01-30 20:16:40,2025-01-31 20:16:40,500,800
PED315,-23.491205,-46.706198,-23.640095,-46.445594,69,Roupas,Alta,2025-01-09 14:16:40,2025-01-10 14:16:40,500,800
PED316,-23.541141,-46.744191,-23.557642,-46.661738,74,Medicamentos,Média,2025-01-17 02:16:40,2025-01-20 02:16:40,500,800
PED317,-23.436161,-46.52359,-23.486883,-46.559347,86,Eletrônicos,Alta,2025-01-25 21:16:40,2025-01-26 21:16:40,500,800
PED318,-23.64385,-46.573988,-23.429663,-46.613966,24,Eletrônicos,Média,2025-01-14 00:16:40,2025-01-17 00:16:40,500,800
PED319,-23.530539,-46.651314,-23.466523,-46.576616,70,Alimentos,Alta,2025-01-09 13:16:40,2025-01-10 13:16:40,500,800
PED320,-23.482054,-46.547622,-23.441971,-46.772266,74,Alimentos,Baixa,2025-02-03 02:16:40,2025-02-10 02:16:40,500,800
PED321,-23.592392,-46.729068,-23.489826,-46.496529,67,Móveis,Baixa,2025-01-07 01:16:40,2025-01-14 01:16:40,500,800
PED322,-23.422597,-46.70858,-23.665859,-46.404739,22,Alimentos,Alta,2025-01-18 05:16:40,2025-01-19 05:16:40,500,800
PED323,-23.551157,-46.415729,-23.445263,-46.760052,43,Alimentos,Baixa,2025-01-07 06:16:40,2025-01-14 06:16:40,500,800
PED324,-23.511235,-46.570075,-23.637383,-46.576716,1,Móveis,Média,2025-01-11 17:16:40,2025-01-14 17:16:40,500,800
PED325,-23.449007,-46.54392,-23.584256,-46.626851,35,Móveis,Baixa,2025-01-22 21:16:40,2025-01-29 21:16:40,500,800
PED326,-23.64226,-46.429476,-23.684016,-46.794697,6,Móveis,Alta,2025-01-15 00:16:40,2025-01-16 00:16:40,500,800
PED327,-23.633728,-46.748738,-23.554972,-46.550915,48,Alimentos,Baixa,2025-01-23 01:16:40,2025-01-30 01:16:40,500,800
PED328,-23.579985,-46.586836,-23.676311,-46.706708,56,Alimentos,Média,2025-01-31 15:16:40,2025-02-03 15:16:40,500,800
PED329,-23.41921,-46.788096,-23.602211,-46.57393,67,Eletrônicos,Alta,2025-01-20 18:16:40,2025-01-21 18:16:40,500,800
PED330,-23.589751,-46.748476,-23.691663,-46.649299,97,Medicamentos,Média,2025-01-20 06:16:40,2025-01-23 06:16:40,500,800
PED331,-23.530257,-46.426295,-23.476539,-46.649263,57,Roupas,Baixa,2025-01-27 08:16:40,2025-02-03 08:16:40,500,800
PED332,-23.683053,-46.458005,-23.492847,-46.785157,90,Roupas,Baixa,2025-01-07 08:16:40,2025-01-14 08:16:40,500,800
PED333,-23.551043,-46.413162,-23.603057,-46.505321,88,Medicamentos,Média,2025-01-06 00:16:40,2025-01-09 00:16:40,500,800
PED334,-23.589563,-46.52572,-23.688809,-46.567415,52,Móveis,Alta,2025-01-19 16:16:40,2025-01-20 16:16:40,500,800
PED335,-23.458656,-46.440093,-23.569314,-46.66511,94,Roupas,Baixa,2025-01-11 13:16:40,2025-01-18 13:16:40,500,800
PED336,-23.667189,-46.650585,-23.591171,-46.584846,58,Alimentos,Alta,2025-01-18 19:16:40,2025-01-19 19:16:40,500,800
PED337,-23.427586,-46.737912,-23.639892,-46.401856,93,Roupas,Baixa,2025-01-08 03:16:40,2025-01-15 03:16:40,500,800
PED338,-23.540536,-46.63256,-23.617923,-46.412896,73,Medicamentos,Baixa,2025-01-05 22:16:40,2025-01-12 22:16:40,500,800
PED339,-23.611815,-46.498388,-23.487477,-46.460424,10,Eletrônicos,Alta,2025-01-19 18:16:40,2025-01-20 18:16:40,500,800
PED340,-23.655963,-46.487543,-23.453214,-46.461276,74,Móveis,Média,2025-01-09 21:16:40,2025-01-12 21:16:40,500,800
PED341,-23.691015,-46.550717,-23.5639,-46.594638,72,Alimentos,Alta,2025-01-16 23:16:40,2025-01-17 23:16:40,500,800
PED342,-23.43127,-46.608629,-23.412719,-46.768749,17,Eletrônicos,Alta,2025-02-01 16:16:40,2025-02-02 16:16:40,500,800
PED343,-23.409194,-46.485386,-23.667258,-46.618991,36,Alimentos,Baixa,2025-01-06 23:16:40,2025-01-13 23:16:40,500,800
PED344,-23.675602,-46.446953,-23.539107,-46.642943,35,Eletrônicos,Alta,2025-01-19 03:16:40,2025-01-20 03:16:40,500,800
PED345,-23.473125,-46.45005,-23.473828,-46.764592,72,Alimentos,Alta,2025-01-16 05:16:40,2025-01-17 05:16:40,500,800
PED346,-23.555304,-46.677248,-23.54206,-46.780535,76,Eletrônicos,Média,2025-01-29 21:16:40,2025-02-01 21:16:40,500,800
PED347,-23.567845,-46.754202,-23.651953,-46.705176,51,Alimentos,Média,2025-01-10 23:16:40,2025-01-13 23:16:40,500,800
PED348,-23.571987,-46.749198,-23.501925,-46.521875,49,Medicamentos,Alta,2025-01-25 06:16:40,2025-01-26 06:16:40,500,800
PED349,-23.523332,-46.560849,-23.562217,-46.484394,26,Medicamentos,Baixa,2025-01-14 12:16:40,2025-01-21 12:16:40,500,800
PED350,-23.688016,-46.758439,-23.431491,-46.630053,3,Eletrônicos,Alta,2025-02-02 02:16:40,2025-02-03 02:16:40,500,800
PED351,-23.505815,-46.445445,-23.561359,-46.535694,26,Medicamentos,Média,2025-01-10 00:16:40,2025-01-13 00:16:40,500,800
PED352,-23.616532,-46.479962,-23.662241,-46.727268,32,Roupas,Média,2025-01-13 18:16:40,2025-01-16 18:16:40,500,800
PED353,-23.488252,-46.743693,-23.57174,-46.610474,58,Medicamentos,Alta,2025-01-12 17:16:40,2025-01-13 17:16:40,500,800
PED354,-23.542716,-46.696991,-23.488163,-46.513763,85,Eletrônicos,Média,2025-01-29 04:16:40,2025-02-01 04:16:40,500,800
PED355,-23.506391,-46.459362,-23.602632,-46.677927,10,Alimentos,Baixa,2025-01-27 18:16:40,2025-02-03 18:16:40,500,800
PED356,-23.599515,-46.471349,-23.548709,-46.571649,99,Alimentos,Baixa,2025-01-28 23:16:40,2025-02-04 23:16:40,500,800
PED357,-23.580279,-46.492089,-23.590071,-46.63391,91,Roupas,Baixa,2025-01-20 04:16:40,2025-01-27 04:16:40,500,800
PED358,-23.409019,-46.74943,-23.636002,-46.741999,43,Eletrônicos,Média,2025-01-17 08:16:40,2025-01-20 08:16:40,500,800
PED359,-23.410798,-46.723498,-23.484424,-46.657728,70,Roupas,Alta,2025-01-27 03:16:40,2025-01-28 03:16:40,500,800
PED360,-23.588122,-46.408629,-23.65823,-46.469422,11,Roupas,Alta,2025-02-02 02:16:40,2025-02-03 02:16:40,500,800
PED361,-23.414989,-46.740073,-23.540485,-46.639287,64,Alimentos,Alta,2025-01-24 14:16:40,2025-01-25 14:16:40,500,800
PED362,-23.673055,-46.519818,-23.524972,-46.453779,24,Roupas,Média,2025-01-12 10:16:40,2025-01-15 10:16:40,500,800
PED363,-23.648453,-46.763119,-23.603226,-46.580465,34,Medicamentos,Alta,2025-01-17 22:16:40,2025-01-18 22:16:40,500,800
PED364,-23.531426,-46.458592,-23.528921,-46.73915,99,Medicamentos,Média,2025-01-13 20:16:40,2025-01-16 20:16:40,500,800
PED365,-23.63696,-46.631855,-23.552567,-46.796146,82,Alimentos,Baixa,2025-01-21 03:16:40,2025-01-28 03:16:40,500,800
PED366,-23.553011,-46.470853,-23.562574,-46.776689,25,Roupas,Alta,2025-01-30 21:16:40,2025-01-31 21:16:40,500,800
PED367,-23.694217,-46.658278,-23.497476,-46.661272,35,Alimentos,Baixa,2025-01-15 11:16:40,2025-01-22 11:16:40,500,800
PED368,-23.442443,-46.592888,-23.560255,-46.53165,41,Alimentos,Média,2025-01-24 17:16:40,2025-01-27 17:16:40,500,800
PED369,-23.605891,-46.421197,-23.52926,-46.684776,74,Móveis,Média,2025-01-16 19:16:40,2025-01-19 19:16:40,500,800
PED370,-23.545487,-46.747095,-23.639186,-46.557415,40,Medicamentos,Baixa,2025-02-01 12:16:40,2025-02-08 12:16:40,500,800
PED371,-23.676894,-46.465522,-23.458859,-46.770309,22,Móveis,Alta,2025-01-18 23:16:40,2025-01-19 23:16:40,500,800
PED372,-23.692117,-46.534342,-23.524155,-46.736437,47,Alimentos,Média,2025-01-18 07:16:40,2025-01-21 07:16:40,500,800
PED373,-23.590784,-46.541027,-23.486281,-46.572086,55,Móveis,Média,2025-02-03 06:16:40,2025-02-06 06:16:40,500,800
PED374,-23.638858,-46.527697,-23.67346,-46.685842,2,Alimentos,Média,2025-01-29 23:16:40,2025-02-01 23:16:40,500,800
PED375,-23.433849,-46.743395,-23.682835,-46.781706,21,Móveis,Baixa,2025-01-16 03:16:40,2025-01-23 03:16:40,500,800
PED376,-23.400989,-46.637848,-23.430235,-46.427445,35,Eletrônicos,Baixa,2025-01-28 17:16:40,2025-02-04 17:16:40,500,800
PED377,-23.555706,-46.763146,-23.599198,-46.771565,71,Móveis,Média,2025-01-13 20:16:40,2025-01-16 20:16:40,500,800
PED378,-23.640566,-46.515575,-23.62562,-46.54686,44,Roupas,Média,2025-01-24 06:16:40,2025-01-27 06:16:40,500,800
PED379,-23.680557,-46.432624,-23.503495,-46.644784,30,Alimentos,Média,2025-01-22 18:16:40,2025-01-25 18:16:40,500,800
PED380,-23.542467,-46.484173,-23.459636,-46.711036,30,Alimentos,Baixa,2025-01-10 00:16:40,2025-01-17 00:16:40,500,800
PED381,-23.458312,-46.442236,-23.40251,-46.524988,71,Roupas,Alta,2025-01-09 03:16:40,2025-01-10 03:16:40,500,800
PED382,-23.402899,-46.598742,-23.415158,-46.452746,37,Móveis,Alta,2025-01-09 02:16:40,2025-01-10 02:16:40,500,800
PED383,-23.480379,-46.776651,-23.631763,-46.614862,96,Móveis,Média,2025-01-12 16:16:40,2025-01-15 16:16:40,500,800
PED384,-23.662896,-46.762126,-23.674266,-46.740984,89,Móveis,Baixa,2025-01-29 00:16:40,2025-02-05 00:16:40,500,800
PED385,-23.567501,-46.468354,-23.567957,-46.64673,26,Móveis,Média,2025-01-19 03:16:40,2025-01-22 03:16:40,500,800
PED386,-23.450508,-46.418089,-23.678313,-46.564881,23,Alimentos,Baixa,2025-01-08 21:16:40,2025-01-15 21:16:40,500,800
PED387,-23.502611,-46.66299,-23.655615,-46.533955,29,Medicamentos,Média,2025-02-03 00:16:40,2025-02-06 00:16:40,500,800
PED388,-23.537199,-46.632083,-23.495386,-46.666272,80,Alimentos,Média,2025-01-10 16:16:40,2025-01-13 16:16:40,500,800
PED389,-23.469731,-46.737314,-23.428898,-46.528456,45,Roupas,Baixa,2025-01-08 06:16:40,2025-01-15 06:16:40,500,800
PED390,-23.578684,-46.667713,-23.460048,-46.539571,77,Eletrônicos,Alta,2025-01-07 01:16:40,2025-01-08 01:16:40,500,800
PED391,-23.678179,-46.706554,-23.411862,-46.704106,9,Medicamentos,Alta,2025-01-06 12:16:40,2025-01-07 12:16:40,500,800
PED392,-23.576683,-46.670551,-23.56635,-46.79886,35,Roupas,Média,2025-01-05 18:16:40,2025-01-08 18:16:40,500,800
PED393,-23.602522,-46.519572,-23.597568,-46.482038,92,Alimentos,Baixa,2025-01-21 14:16:40,2025-01-28 14:16:40,500,800
PED394,-23.667117,-46.547741,-23.486718,-46.650465,12,Móveis,Média,2025-01-15 06:16:40,2025-01-18 06:16:40,500,800
PED395,-23.508026,-46.479718,-23.498899,-46.553537,27,Roupas,Baixa,2025-01-28 05:16:40,2025-02-04 05:16:40,500,800
PED396,-23.57679,-46.782654,-23.488001,-46.429385,8,Alimentos,Baixa,2025-01-09 02:16:40,2025-01-16 02:16:40,500,800
PED397,-23.58313,-46.726199,-23.423687,-46.797939,27,Eletrônicos,Média,2025-01-29 04:16:40,2025-02-01 04:16:40,500,800
PED398,-23.483938,-46.747233,-23.57551,-46.724348,62,Medicamentos,Baixa,2025-01-07 20:16:40,2025-01-14 20:16:40,500,800
PED399,-23.669594,-46.618048,-23.503526,-46.734841,100,Eletrônicos,Baixa,2025-01-23 09:16:40,2025-01-30 09:16:40,500,800
PED400,-23.668724,-46.51265,-23.410874,-46.628473,69,Medicamentos,Média,2025-01-25 08:16:40,2025-01-28 08:16:40,500,800
PED401,-23.436622,-46.412087,-23.482993,-46.538532,11,Móveis,Média,2025-01-31 15:16:40,2025-02-03 15:16:40,500,800
PED402,-23.621666,-46.782639,-23.468307,-46.681828,12,Alimentos,Alta,2025-01-13 20:16:40,2025-01-14 20:16:40,500,800
PED403,-23.529303,-46.434888,-23.632898,-46.414353,30,Móveis,Alta,2025-01-25 09:16:40,2025-01-26 09:16:40,500,800
PED404,-23.555526,-46.788543,-23.481426,-46.695004,90,Móveis,Alta,2025-01-28 20:16:40,2025-01-29 20:16:40,500,800
PED405,-23.638754,-46.571292,-23.41854,-46.69266,21,Alimentos,Baixa,2025-02-02 01:16:40,2025-02-09 01:16:40,500,800
PED406,-23.617391,-46.577365,-23.527018,-46.679201,74,Eletrônicos,Baixa,2025-01-28 08:16:40,2025-02-04 08:16:40,500,800
PED407,-23.540479,-46.427281,-23.624413,-46.542257,38,Alimentos,Baixa,2025-01-13 10:16:40,2025-01-20 10:16:40,500,800
PED408,-23.624289,-46.572817,-23.598502,-46.469067,78,Alimentos,Baixa,2025-01-15 20:16:40,2025-01-22 20:16:40,500,800
PED409,-23.438658,-46.410557,-23.508763,-46.500244,88,Eletrônicos,Baixa,2025-01-06 10:16:40,2025-01-13 10:16:40,500,800
PED410,-23.535253,-46.65336,-23.552892,-46.744392,84,Móveis,Baixa,2025-02-02 14:16:40,2025-02-09 14:16:40,500,800
PED411,-23.481031,-46.772896,-23.453938,-46.464178,15,Roupas,Baixa,2025-01-27 03:16:40,2025-02-03 03:16:40,500,800
PED412,-23.528329,-46.749181,-23.565805,-46.785473,69,Medicamentos,Média,2025-01-11 12:16:40,2025-01-14 12:16:40,500,800
PED413,-23.564586,-46.458161,-23.509457,-46.760446,63,Alimentos,Baixa,2025-01-05 09:16:40,2025-01-12 09:16:40,500,800
PED414,-23.659617,-46.519882,-23.68481,-46.611613,87,Móveis,Média,2025-01-18 15:16:40,2025-01-21 15:16:40,500,800
PED415,-23.517526,-46.549987,-23.433933,-46.450404,74,Eletrônicos,Baixa,2025-01-28 05:16:40,2025-02-04 05:16:40,500,800
PED416,-23.419197,-46.666014,-23.587119,-46.540669,51,Medicamentos,Baixa,2025-01-31 04:16:40,2025-02-07 04:16:40,500,800
PED417,-23.623662,-46.699672,-23.662446,-46.716673,40,Roupas,Baixa,2025-01-23 22:16:40,2025-01-30 22:16:40,500,800
PED418,-23.433912,-46.707284,-23.460686,-46.590189,88,Móveis,Média,2025-01-17 14:16:40,2025-01-20 14:16:40,500,800
PED419,-23.549834,-46.621332,-23.474766,-46.773611,72,Móveis,Baixa,2025-01-25 02:16:40,2025-02-01 02:16:40,500,800
PED420,-23.408154,-46.583071,-23.465629,-46.439228,6,Medicamentos,Baixa,2025-01-21 14:16:40,2025-01-28 14:16:40,500,800
PED421,-23.679217,-46.55093,-23.658548,-46.595474,68,Roupas,Baixa,2025-01-16 07:16:40,2025-01-23 07:16:40,500,800
PED422,-23.574322,-46.486686,-23.675411,-46.703486,88,Eletrônicos,Média,2025-01-15 12:16:40,2025-01-18 12:16:40,500,800
PED423,-23.443168,-46.793839,-23.626766,-46.419254,57,Eletrônicos,Baixa,2025-01-19 01:16:40,2025-01-26 01:16:40,500,800
PED424,-23.546025,-46.527144,-23.439417,-46.431568,18,Alimentos,Média,2025-01-25 18:16:40,2025-01-28 18:16:40,500,800
PED425,-23.634606,-46.498334,-23.41742,-46.7373,18,Móveis,Alta,2025-01-14 09:16:40,2025-01-15 09:16:40,500,800
PED426,-23.636458,-46.49222,-23.589622,-46.775467,31,Medicamentos,Média,2025-01-08 03:16:40,2025-01-11 03:16:40,500,800
PED427,-23.684871,-46.672725,-23.475559,-46.521257,7,Alimentos,Alta,2025-01-31 08:16:40,2025-02-01 08:16:40,500,800
PED428,-23.608784,-46.684782,-23.611419,-46.422102,33,Móveis,Baixa,2025-01-31 07:16:40,2025-02-07 07:16:40,500,800
PED429,-23.657058,-46.584522,-23.484944,-46.729271,4,Medicamentos,Média,2025-01-23 06:16:40,2025-01-26 06:16:40,500,800
PED430,-23.588032,-46.722482,-23.436049,-46.601258,14,Alimentos,Alta,2025-01-12 09:16:40,2025-01-13 09:16:40,500,800
PED431,-23.524553,-46.557772,-23.675964,-46.604656,63,Alimentos,Média,2025-01-15 23:16:40,2025-01-18 23:16:40,500,800
PED432,-23.659766,-46.696825,-23.665013,-46.789934,45,Móveis,Média,2025-01-24 14:16:40,2025-01-27 14:16:40,500,800
PED433,-23.503874,-46.627905,-23.480101,-46.455115,99,Alimentos,Alta,2025-01-11 18:16:40,2025-01-12 18:16:40,500,800
PED434,-23.486401,-46.419292,-23.669582,-46.567809,14,Eletrônicos,Baixa,2025-01-17 12:16:40,2025-01-24 12:16:40,500,800
PED435,-23.450796,-46.475031,-23.455111,-46.402432,92,Eletrônicos,Média,2025-01-29 09:16:40,2025-02-01 09:16:40,500,800
PED436,-23.441328,-46.523592,-23.617293,-46.608436,38,Alimentos,Baixa,2025-01-24 04:16:40,2025-01-31 04:16:40,500,800
PED437,-23.49419,-46.648011,-23.611277,-46.737044,18,Medicamentos,Média,2025-01-25 08:16:40,2025-01-28 08:16:40,500,800
PED438,-23.410674,-46.785942,-23.697427,-46.68856,27,Móveis,Alta,2025-01-30 01:16:40,2025-01-31 01:16:40,500,800
PED439,-23.544806,-46.742611,-23.671223,-46.599669,94,Roupas,Média,2025-01-18 06:16:40,2025-01-21 06:16:40,500,800
PED440,-23.654466,-46.499012,-23.676764,-46.50488,27,Medicamentos,Média,2025-01-12 22:16:40,2025-01-15 22:16:40,500,800
PED441,-23.591348,-46.76931,-23.632699,-46.705497,15,Eletrônicos,Média,2025-01-16 19:16:40,2025-01-19 19:16:40,500,800
PED442,-23.430587,-46.674505,-23.670337,-46.415867,48,Alimentos,Alta,2025-01-05 15:16:40,2025-01-06 15:16:40,500,800
PED443,-23.646249,-46.673955,-23.526054,-46.735233,14,Roupas,Alta,2025-01-04 20:16:40,2025-01-05 20:16:40,500,800
PED444,-23.421788,-46.501542,-23.562516,-46.673874,51,Roupas,Baixa,2025-01-27 19:16:40,2025-02-03 19:16:40,500,800
PED445,-23.528317,-46.65825,-23.678166,-46.60905,7,Medicamentos,Média,2025-02-03 07:16:40,2025-02-06 07:16:40,500,800
PED446,-23.40714,-46.70742,-23.504178,-46.452297,66,Medicamentos,Alta,2025-01-04 23:16:40,2025-01-05 23:16:40,500,800
PED447,-23.638548,-46.419811,-23.547819,-46.706885,59,Alimentos,Média,2025-01-28 23:16:40,2025-01-31 23:16:40,500,800
PED448,-23.504504,-46.798215,-23.498951,-46.533198,47,Alimentos,Média,2025-02-04 04:16:40,2025-02-07 04:16:40,500,800
PED449,-23.633827,-46.739443,-23.654612,-46.532593,71,Medicamentos,Alta,2025-01-08 10:16:40,2025-01-09 10:16:40,500,800
PED450,-23.432801,-46.673623,-23.574419,-46.615304,90,Móveis,Média,2025-02-02 19:16:40,2025-02-05 19:16:40,500,800
PED451,-23.486913,-46.564867,-23.450323,-46.528483,93,Roupas,Média,2025-01-06 00:16:40,2025-01-09 00:16:40,500,800
PED452,-23.409296,-46.502998,-23.615608,-46.702938,35,Medicamentos,Baixa,2025-01-19 19:16:40,2025-01-26 19:16:40,500,800
PED453,-23.490964,-46.676442,-23.514635,-46.793643,61,Medicamentos,Alta,2025-01-29 22:16:40,2025-01-30 22:16:40,500,800
PED454,-23.669318,-46.718265,-23.596351,-46.774896,68,Móveis,Média,2025-01-28 02:16:40,2025-01-31 02:16:40,500,800
PED455,-23.631521,-46.469,-23.56816,-46.469449,63,Móveis,Alta,2025-01-30 08:16:40,2025-01-31 08:16:40,500,800
PED456,-23.494019,-46.605517,-23.415328,-46.789176,80,Eletrônicos,Alta,2025-01-15 22:16:40,2025-01-16 22:16:40,500,800
PED457,-23.681378,-46.590855,-23.558387,-46.490813,38,Alimentos,Baixa,2025-01-23 08:16:40,2025-01-30 08:16:40,500,800
PED458,-23.525621,-46.7371,-23.613735,-46.790501,88,Móveis,Média,2025-01-28 21:16:40,2025-01-31 21:16:40,500,800
PED459,-23.47072,-46.79762,-23.573166,-46.760194,96,Roupas,Média,2025-01-20 13:16:40,2025-01-23 13:16:40,500,800
PED460,-23.628132,-46.589103,-23.442805,-46.598234,95,Móveis,Média,2025-01-07 07:16:40,2025-01-10 07:16:40,500,800
PED461,-23.548988,-46.706811,-23.683388,-46.582524,20,Roupas,Alta,2025-02-04 12:16:40,2025-02-05 12:16:40,500,800
PED462,-23.400627,-46.622167,-23.549531,-46.646982,12,Medicamentos,Média,2025-01-25 18:16:40,2025-01-28 18:16:40,500,800
PED463,-23.562347,-46.746778,-23.432746,-46.403855,23,Alimentos,Baixa,2025-01-16 19:16:40,2025-01-23 19:16:40,500,800
PED464,-23.549437,-46.715562,-23.513047,-46.744968,22,Medicamentos,Alta,2025-01-07 12:16:40,2025-01-08 12:16:40,500,800
PED465,-23.450235,-46.652686,-23.412748,-46.564708,47,Roupas,Alta,2025-01-20 14:16:40,2025-01-21 14:16:40,500,800
PED466,-23.463381,-46.564116,-23.59762,-46.461194,86,Medicamentos,Média,2025-01-23 22:16:40,2025-01-26 22:16:40,500,800
PED467,-23.646939,-46.779922,-23.653957,-46.45618,83,Eletrônicos,Média,2025-01-23 03:16:40,2025-01-26 03:16:40,500,800
PED468,-23.665464,-46.509959,-23.448802,-46.424649,85,Medicamentos,Média,2025-01-18 06:16:40,2025-01-21 06:16:40,500,800
PED469,-23.475007,-46.500371,-23.628348,-46.595696,88,Eletrônicos,Baixa,2025-01-15 03:16:40,2025-01-22 03:16:40,500,800
PED470,-23.472169,-46.707217,-23.504546,-46.652177,31,Alimentos,Média,2025-02-04 08:16:40,2025-02-07 08:16:40,500,800
PED471,-23.473596,-46.611549,-23.552405,-46.574408,62,Alimentos,Alta,2025-01-16 21:16:40,2025-01-17 21:16:40,500,800
PED472,-23.604136,-46.713925,-23.405289,-46.76828,96,Roupas,Alta,2025-01-19 18:16:40,2025-01-20 18:16:40,500,800
PED473,-23.663001,-46.571168,-23.496857,-46.400323,55,Roupas,Alta,2025-01-25 16:16:40,2025-01-26 16:16:40,500,800
PED474,-23.490348,-46.514918,-23.654924,-46.76432,43,Roupas,Média,2025-01-07 14:16:40,2025-01-10 14:16:40,500,800
PED475,-23.533309,-46.45893,-23.564183,-46.671662,73,Alimentos,Média,2025-01-19 01:16:40,2025-01-22 01:16:40,500,800
PED476,-23.518743,-46.641562,-23.405714,-46.685873,32,Medicamentos,Alta,2025-01-24 20:16:40,2025-01-25 20:16:40,500,800
PED477,-23.631989,-46.59999,-23.462549,-46.680493,8,Medicamentos,Baixa,2025-02-02 04:16:40,2025-02-09 04:16:40,500,800
PED478,-23.475975,-46.492588,-23.608238,-46.611889,68,Roupas,Alta,2025-01-17 17:16:40,2025-01-18 17:16:40,500,800
PED479,-23.594517,-46.798727,-23.525619,-46.546578,49,Móveis,Média,2025-01-10 09:16:40,2025-01-13 09:16:40,500,800
PED480,-23.509414,-46.642394,-23.604759,-46.634121,59,Roupas,Alta,2025-01-05 01:16:40,2025-01-06 01:16:40,500,800
PED481,-23.536921,-46.784064,-23.507706,-46.543132,64,Eletrônicos,Média,2025-01-29 23:16:40,2025-02-01 23:16:40,500,800
PED482,-23.474326,-46.494978,-23.478847,-46.525789,68,Móveis,Média,2025-01-25 13:16:40,2025-01-28 13:16:40,500,800
PED483,-23.678823,-46.764304,-23.592186,-46.453037,16,Móveis,Alta,2025-01-11 23:16:40,2025-01-12 23:16:40,500,800
PED484,-23.48766,-46.659617,-23.650604,-46.4505,4,Roupas,Média,2025-01-24 07:16:40,2025-01-27 07:16:40,500,800
PED485,-23.548189,-46.544455,-23.595842,-46.590602,96,Móveis,Média,2025-01-23 22:16:40,2025-01-26 22:16:40,500,800
PED486,-23.673281,-46.489122,-23.411585,-46.766547,24,Eletrônicos,Média,2025-01-20 21:16:40,2025-01-23 21:16:40,500,800
PED487,-23.626075,-46.664734,-23.523142,-46.757992,84,Eletrônicos,Baixa,2025-01-15 14:16:40,2025-01-22 14:16:40,500,800
PED488,-23.698255,-46.715523,-23.469934,-46.72696,48,Alimentos,Baixa,2025-01-29 14:16:40,2025-02-05 14:16:40,500,800
PED489,-23.577197,-46.49609,-23.529119,-46.7868,99,Roupas,Média,2025-01-17 20:16:40,2025-01-20 20:16:40,500,800
PED490,-23.586172,-46.795942,-23.458628,-46.670618,9,Alimentos,Baixa,2025-01-28 06:16:40,2025-02-04 06:16:40,500,800
PED491,-23.573417,-46.501144,-23.601653,-46.65469,6,Alimentos,Alta,2025-01-26 17:16:40,2025-01-27 17:16:40,500,800
PED492,-23.638676,-46.693949,-23.435585,-46.539729,70,Móveis,Baixa,2025-01-08 07:16:40,2025-01-15 07:16:40,500,800
PED493,-23.642486,-46.531117,-23.556039,-46.502809,42,Móveis,Alta,2025-01-06 06:16:40,2025-01-07 06:16:40,500,800
PED494,-23.499449,-46.575255,-23.548074,-46.671165,15,Medicamentos,Baixa,2025-01-25 14:16:40,2025-02-01 14:16:40,500,800
PED495,-23.55963,-46.422065,-23.629976,-46.706102,8,Medicamentos,Média,2025-01-05 22:16:40,2025-01-08 22:16:40,500,800
PED496,-23.49996,-46.79386,-23.653895,-46.447085,74,Móveis,Alta,2025-01-16 13:16:40,2025-01-17 13:16:40,500,800
PED497,-23.614134,-46.666834,-23.533644,-46.479244,68,Roupas,Baixa,2025-01-19 01:16:40,2025-01-26 01:16:40,500,800
PED498,-23.676625,-46.44485,-23.485747,-46.502388,39,Móveis,Média,2025-01-04 20:16:40,2025-01-07 20:16:40,500,800
PED499,-23.696936,-46.684957,-23.678704,-46.503894,22,Roupas,Baixa,2025-01-11 09:16:40,2025-01-18 09:16:40,500,800
PED500,-23.454685,-46.573742,-23.619232,-46.428288,16,Medicamentos,Alta,2025-01-13 00:16:40,2025-01-14 00:16:40,500,800
